{
    "name": "Healthcare Operations Hub v1.0",
    "description": "Master orchestrator connecting all five healthcare automations for a unified operations system.",
    "nodes": [
        {
            "type": "trigger",
            "name": "Patient Intake Trigger",
            "app": "Google Forms"
        },
        {
            "type": "execute_workflow",
            "name": "Run Patient Data Entry",
            "workflow": "1_Patient_Data_Entry_Automation"
        },
        {
            "type": "execute_workflow",
            "name": "Run Appointment Scheduling",
            "workflow": "2_Appointment_Scheduling_Automation"
        },
        {
            "type": "execute_workflow",
            "name": "Run Claims Processing",
            "workflow": "3_Claims_Processing_Automation"
        },
        {
            "type": "execute_workflow",
            "name": "Run Diagnostics and Lab Results",
            "workflow": "4_Diagnostics_and_Lab_Results"
        },
        {
            "type": "execute_workflow",
            "name": "Run Supply Chain Automation",
            "workflow": "5_Supply_Chain_Automation"
        },
        {
            "type": "database",
            "name": "Update Operations Dashboard",
            "app": "Google Sheets"
        }
    ]
}