{
    "name": "Patient Data Entry Automation v1.0",
    "nodes": [
        {
            "type": "trigger",
            "name": "Form Submission",
            "app": "Google Forms"
        },
        {
            "type": "function",
            "name": "Generate Patient ID",
            "script": "{{$json.patient_id = Date.now().toString()}}"
        },
        {
            "type": "database",
            "name": "Store Patient Data",
            "app": "Google Sheets"
        },
        {
            "type": "http_request",
            "name": "Push to EHR System",
            "url": "https://api.ehrsystem.com/patients",
            "method": "POST"
        }
    ]
}