{
    "name": "Appointment Scheduling Automation v1.0",
    "nodes": [
        {
            "type": "trigger",
            "name": "New Appointment Request",
            "app": "Google Forms"
        },
        {
            "type": "calendar",
            "name": "Check Availability",
            "app": "Google Calendar"
        },
        {
            "type": "calendar",
            "name": "Book Appointment",
            "app": "Google Calendar"
        },
        {
            "type": "sms_email",
            "name": "Send Confirmation",
            "app": "Twilio"
        }
    ]
}