{
    "name": "Claims Processing Automation v1.0",
    "nodes": [
        {
            "type": "trigger",
            "name": "Post Appointment Billing Trigger",
            "app": "EHR"
        },
        {
            "type": "function",
            "name": "Format EDI 837P Claim",
            "script": "return {...};"
        },
        {
            "type": "http_request",
            "name": "Submit to Clearinghouse",
            "url": "https://api.availity.com/claims",
            "method": "POST"
        },
        {
            "type": "email",
            "name": "Notify Billing Department",
            "app": "Gmail"
        }
    ]
}