{
    "name": "Diagnostics and Lab Results Automation v1.0",
    "nodes": [
        {
            "type": "trigger",
            "name": "New Lab File Uploaded",
            "app": "Dropbox"
        },
        {
            "type": "function",
            "name": "Match Patient ID",
            "script": "return {...};"
        },
        {
            "type": "email",
            "name": "Send Encrypted Results",
            "app": "Gmail"
        },
        {
            "type": "notification",
            "name": "Notify Doctor",
            "app": "Slack"
        }
    ]
}